{"cameraMode":{"drawMode":0,"name":"Shaded","section":"Shading Mode"},"sceneLighting":false,"audioPlay":false,"sceneViewState":{"m_AlwaysRefresh":false,"showFog":true,"showSkybox":true,"showFlares":true,"showImageEffects":true,"showParticleSystems":true,"showVisualEffectGraphs":true,"m_FxEnabled":true},"in2DMode":false,"pivot":{"x":-123.49224853515625,"y":701.3294677734375,"z":-2037.3172607421875},"rotation":{"x":-0.004684449173510075,"y":-0.2269052267074585,"z":0.0010912903817370535,"w":-0.9739012718200684},"size":25.664447784423829,"orthographic":false}