{"cameraMode":{"drawMode":0,"name":"Shaded","section":"Shading Mode"},"sceneLighting":true,"audioPlay":false,"sceneViewState":{"m_AlwaysRefresh":false,"showFog":true,"showSkybox":true,"showFlares":true,"showImageEffects":true,"showParticleSystems":true,"showVisualEffectGraphs":true,"m_FxEnabled":true},"in2DMode":false,"pivot":{"x":838.602294921875,"y":440.33392333984377,"z":2402.10791015625},"rotation":{"x":0.013185672461986542,"y":-0.024898620322346689,"z":-0.0003286633000243455,"w":-0.9996010065078735},"size":1658.7747802734375,"orthographic":false}